--------------------------------------------------------
--  File created - œroda-czerwiec-03-2020   
--------------------------------------------------------
--------------------------------------------------------
--  DDL for Sequence ODBIOR_SAMOCHODU_SEQ
--------------------------------------------------------

   CREATE SEQUENCE  "PROJEKT"."ODBIOR_SAMOCHODU_SEQ"  MINVALUE 1 MAXVALUE 9999999999999999999999999999 INCREMENT BY 1 START WITH 41 CACHE 20 NOORDER  NOCYCLE  NOPARTITION ;
--------------------------------------------------------
--  DDL for Sequence REZERWACJA_SEQ
--------------------------------------------------------

   CREATE SEQUENCE  "PROJEKT"."REZERWACJA_SEQ"  MINVALUE 1 MAXVALUE 9999999999999999999999999999 INCREMENT BY 1 START WITH 41 CACHE 20 NOORDER  NOCYCLE  NOPARTITION ;
--------------------------------------------------------
--  DDL for Sequence WYDANIE_SAMOCHODU_SEQ
--------------------------------------------------------

   CREATE SEQUENCE  "PROJEKT"."WYDANIE_SAMOCHODU_SEQ"  MINVALUE 1 MAXVALUE 9999999999999999999999999999 INCREMENT BY 1 START WITH 41 CACHE 20 NOORDER  NOCYCLE  NOPARTITION ;
--------------------------------------------------------
--  DDL for Sequence WYPOZYCZENIE_SEQ
--------------------------------------------------------

   CREATE SEQUENCE  "PROJEKT"."WYPOZYCZENIE_SEQ"  MINVALUE 1 MAXVALUE 9999999999999999999999999999 INCREMENT BY 1 START WITH 21 CACHE 20 NOORDER  NOCYCLE  NOPARTITION ;
--------------------------------------------------------
--  DDL for Table KLIENCI
--------------------------------------------------------

  CREATE TABLE "PROJEKT"."KLIENCI" 
   (	"ID_KLIENTA" NUMBER, 
	"IMIE" VARCHAR2(20 BYTE), 
	"NAZWISKO" VARCHAR2(40 BYTE), 
	"NIP" NUMBER(10,0), 
	"NR_TELEFONU" NUMBER
   ) SEGMENT CREATION IMMEDIATE 
  PCTFREE 10 PCTUSED 40 INITRANS 1 MAXTRANS 255 
 NOCOMPRESS LOGGING
  STORAGE(INITIAL 65536 NEXT 1048576 MINEXTENTS 1 MAXEXTENTS 2147483645
  PCTINCREASE 0 FREELISTS 1 FREELIST GROUPS 1
  BUFFER_POOL DEFAULT FLASH_CACHE DEFAULT CELL_FLASH_CACHE DEFAULT)
  TABLESPACE "USERS" ;
--------------------------------------------------------
--  DDL for Table LOGOWANIE_KLIENCI
--------------------------------------------------------

  CREATE TABLE "PROJEKT"."LOGOWANIE_KLIENCI" 
   (	"ID_LOGOWANIE_KLIENT" NUMBER, 
	"ID_KLIENTA" NUMBER, 
	"LOGIN" VARCHAR2(20 BYTE), 
	"HASLO" VARCHAR2(20 BYTE)
   ) SEGMENT CREATION IMMEDIATE 
  PCTFREE 10 PCTUSED 40 INITRANS 1 MAXTRANS 255 
 NOCOMPRESS LOGGING
  STORAGE(INITIAL 65536 NEXT 1048576 MINEXTENTS 1 MAXEXTENTS 2147483645
  PCTINCREASE 0 FREELISTS 1 FREELIST GROUPS 1
  BUFFER_POOL DEFAULT FLASH_CACHE DEFAULT CELL_FLASH_CACHE DEFAULT)
  TABLESPACE "USERS" ;
--------------------------------------------------------
--  DDL for Table LOGOWANIE_PRACOWNICY
--------------------------------------------------------

  CREATE TABLE "PROJEKT"."LOGOWANIE_PRACOWNICY" 
   (	"ID_LOGOWANIE_PRACOWNICY" NUMBER, 
	"ID_PRACOWNIKA" NUMBER, 
	"LOGIN" VARCHAR2(20 BYTE), 
	"HASLO" VARCHAR2(20 BYTE)
   ) SEGMENT CREATION IMMEDIATE 
  PCTFREE 10 PCTUSED 40 INITRANS 1 MAXTRANS 255 
 NOCOMPRESS LOGGING
  STORAGE(INITIAL 65536 NEXT 1048576 MINEXTENTS 1 MAXEXTENTS 2147483645
  PCTINCREASE 0 FREELISTS 1 FREELIST GROUPS 1
  BUFFER_POOL DEFAULT FLASH_CACHE DEFAULT CELL_FLASH_CACHE DEFAULT)
  TABLESPACE "USERS" ;
--------------------------------------------------------
--  DDL for Table LOKAL
--------------------------------------------------------

  CREATE TABLE "PROJEKT"."LOKAL" 
   (	"ID_LOKALU" NUMBER, 
	"MIASTO" VARCHAR2(40 BYTE), 
	"ULICA" VARCHAR2(40 BYTE), 
	"NR_LOKALU" NUMBER
   ) SEGMENT CREATION IMMEDIATE 
  PCTFREE 10 PCTUSED 40 INITRANS 1 MAXTRANS 255 
 NOCOMPRESS LOGGING
  STORAGE(INITIAL 65536 NEXT 1048576 MINEXTENTS 1 MAXEXTENTS 2147483645
  PCTINCREASE 0 FREELISTS 1 FREELIST GROUPS 1
  BUFFER_POOL DEFAULT FLASH_CACHE DEFAULT CELL_FLASH_CACHE DEFAULT)
  TABLESPACE "USERS" ;
--------------------------------------------------------
--  DDL for Table ODBIOR_SAMOCHODU
--------------------------------------------------------

  CREATE TABLE "PROJEKT"."ODBIOR_SAMOCHODU" 
   (	"ID_ODBIORU" NUMBER, 
	"ID_WYDANIA" NUMBER, 
	"ID_PRACOWNIKA" NUMBER, 
	"DATA_ODBIORU_SAMOCHODU" DATE
   ) SEGMENT CREATION IMMEDIATE 
  PCTFREE 10 PCTUSED 40 INITRANS 1 MAXTRANS 255 
 NOCOMPRESS LOGGING
  STORAGE(INITIAL 65536 NEXT 1048576 MINEXTENTS 1 MAXEXTENTS 2147483645
  PCTINCREASE 0 FREELISTS 1 FREELIST GROUPS 1
  BUFFER_POOL DEFAULT FLASH_CACHE DEFAULT CELL_FLASH_CACHE DEFAULT)
  TABLESPACE "USERS" ;
--------------------------------------------------------
--  DDL for Table PRACOWNICY
--------------------------------------------------------

  CREATE TABLE "PROJEKT"."PRACOWNICY" 
   (	"ID_PRACOWNIKA" NUMBER, 
	"ID_LOKALU" NUMBER, 
	"IMIE" VARCHAR2(20 BYTE), 
	"NAZWISKO" VARCHAR2(40 BYTE), 
	"ZAROBKI" NUMBER
   ) SEGMENT CREATION IMMEDIATE 
  PCTFREE 10 PCTUSED 40 INITRANS 1 MAXTRANS 255 
 NOCOMPRESS LOGGING
  STORAGE(INITIAL 65536 NEXT 1048576 MINEXTENTS 1 MAXEXTENTS 2147483645
  PCTINCREASE 0 FREELISTS 1 FREELIST GROUPS 1
  BUFFER_POOL DEFAULT FLASH_CACHE DEFAULT CELL_FLASH_CACHE DEFAULT)
  TABLESPACE "USERS" ;
--------------------------------------------------------
--  DDL for Table REZERWACJA
--------------------------------------------------------

  CREATE TABLE "PROJEKT"."REZERWACJA" 
   (	"ID_REZERWACJI" NUMBER, 
	"ID_KLIENTA" NUMBER, 
	"ID_SAMOCHODU" NUMBER, 
	"DATA_POCZATKU_WYPOZYCZENIA" DATE, 
	"DATA_KONCA_WYPOZYCZENIA" DATE
   ) SEGMENT CREATION IMMEDIATE 
  PCTFREE 10 PCTUSED 40 INITRANS 1 MAXTRANS 255 
 NOCOMPRESS LOGGING
  STORAGE(INITIAL 65536 NEXT 1048576 MINEXTENTS 1 MAXEXTENTS 2147483645
  PCTINCREASE 0 FREELISTS 1 FREELIST GROUPS 1
  BUFFER_POOL DEFAULT FLASH_CACHE DEFAULT CELL_FLASH_CACHE DEFAULT)
  TABLESPACE "USERS" ;
--------------------------------------------------------
--  DDL for Table SAMOCHODY
--------------------------------------------------------

  CREATE TABLE "PROJEKT"."SAMOCHODY" 
   (	"ID_SAMOCHODU" NUMBER, 
	"ID_LOKALU" NUMBER, 
	"MARKA" VARCHAR2(20 BYTE), 
	"MODEL" VARCHAR2(20 BYTE), 
	"ROK" NUMBER, 
	"KOLOR" VARCHAR2(20 BYTE), 
	"ILOSC_MIEJSC" NUMBER, 
	"POJEMNOSC_BAGAZNIKA" NUMBER, 
	"RODZAJ_SKRZYNI_BIEGOW" VARCHAR2(1 BYTE), 
	"CENA_ZA_DZIEN" NUMBER
   ) SEGMENT CREATION IMMEDIATE 
  PCTFREE 10 PCTUSED 40 INITRANS 1 MAXTRANS 255 
 NOCOMPRESS LOGGING
  STORAGE(INITIAL 65536 NEXT 1048576 MINEXTENTS 1 MAXEXTENTS 2147483645
  PCTINCREASE 0 FREELISTS 1 FREELIST GROUPS 1
  BUFFER_POOL DEFAULT FLASH_CACHE DEFAULT CELL_FLASH_CACHE DEFAULT)
  TABLESPACE "USERS" ;
--------------------------------------------------------
--  DDL for Table WYDANIE_SAMOCHODU
--------------------------------------------------------

  CREATE TABLE "PROJEKT"."WYDANIE_SAMOCHODU" 
   (	"ID_WYDANIA" NUMBER, 
	"ID_REZERWACJI" NUMBER, 
	"ID_PRACOWNIKA" NUMBER, 
	"DATA_WYDANIA_SAMOCHODU" DATE
   ) SEGMENT CREATION IMMEDIATE 
  PCTFREE 10 PCTUSED 40 INITRANS 1 MAXTRANS 255 
 NOCOMPRESS LOGGING
  STORAGE(INITIAL 65536 NEXT 1048576 MINEXTENTS 1 MAXEXTENTS 2147483645
  PCTINCREASE 0 FREELISTS 1 FREELIST GROUPS 1
  BUFFER_POOL DEFAULT FLASH_CACHE DEFAULT CELL_FLASH_CACHE DEFAULT)
  TABLESPACE "USERS" ;
--------------------------------------------------------
--  DDL for Table WYPOZYCZENIE
--------------------------------------------------------

  CREATE TABLE "PROJEKT"."WYPOZYCZENIE" 
   (	"ID_WYPOZYCZENIA" NUMBER, 
	"ID_ODBIORU" NUMBER, 
	"ZAROBEK" NUMBER
   ) SEGMENT CREATION IMMEDIATE 
  PCTFREE 10 PCTUSED 40 INITRANS 1 MAXTRANS 255 
 NOCOMPRESS LOGGING
  STORAGE(INITIAL 65536 NEXT 1048576 MINEXTENTS 1 MAXEXTENTS 2147483645
  PCTINCREASE 0 FREELISTS 1 FREELIST GROUPS 1
  BUFFER_POOL DEFAULT FLASH_CACHE DEFAULT CELL_FLASH_CACHE DEFAULT)
  TABLESPACE "USERS" ;
REM INSERTING into PROJEKT.KLIENCI
SET DEFINE OFF;
Insert into PROJEKT.KLIENCI (ID_KLIENTA,IMIE,NAZWISKO,NIP,NR_TELEFONU) values ('6','Jan','Kowalski','1234567890','123456789');
Insert into PROJEKT.KLIENCI (ID_KLIENTA,IMIE,NAZWISKO,NIP,NR_TELEFONU) values ('7','Mariusz','Zagrobelny','987654321','123123123');
REM INSERTING into PROJEKT.LOGOWANIE_KLIENCI
SET DEFINE OFF;
Insert into PROJEKT.LOGOWANIE_KLIENCI (ID_LOGOWANIE_KLIENT,ID_KLIENTA,LOGIN,HASLO) values ('1','6','szesc','szesc');
Insert into PROJEKT.LOGOWANIE_KLIENCI (ID_LOGOWANIE_KLIENT,ID_KLIENTA,LOGIN,HASLO) values ('2','7','siedem','siedem');
REM INSERTING into PROJEKT.LOGOWANIE_PRACOWNICY
SET DEFINE OFF;
Insert into PROJEKT.LOGOWANIE_PRACOWNICY (ID_LOGOWANIE_PRACOWNICY,ID_PRACOWNIKA,LOGIN,HASLO) values ('1','1','jeden','jeden');
Insert into PROJEKT.LOGOWANIE_PRACOWNICY (ID_LOGOWANIE_PRACOWNICY,ID_PRACOWNIKA,LOGIN,HASLO) values ('2','2','dwa','dwa');
REM INSERTING into PROJEKT.LOKAL
SET DEFINE OFF;
Insert into PROJEKT.LOKAL (ID_LOKALU,MIASTO,ULICA,NR_LOKALU) values ('1','Rzeszów','Delikatna','21');
REM INSERTING into PROJEKT.ODBIOR_SAMOCHODU
SET DEFINE OFF;
Insert into PROJEKT.ODBIOR_SAMOCHODU (ID_ODBIORU,ID_WYDANIA,ID_PRACOWNIKA,DATA_ODBIORU_SAMOCHODU) values ('1','1','1',to_date('20/06/01','RR/MM/DD'));
Insert into PROJEKT.ODBIOR_SAMOCHODU (ID_ODBIORU,ID_WYDANIA,ID_PRACOWNIKA,DATA_ODBIORU_SAMOCHODU) values ('2','2','2',to_date('20/06/15','RR/MM/DD'));
Insert into PROJEKT.ODBIOR_SAMOCHODU (ID_ODBIORU,ID_WYDANIA,ID_PRACOWNIKA,DATA_ODBIORU_SAMOCHODU) values ('6','3','2',to_date('20/05/31','RR/MM/DD'));
Insert into PROJEKT.ODBIOR_SAMOCHODU (ID_ODBIORU,ID_WYDANIA,ID_PRACOWNIKA,DATA_ODBIORU_SAMOCHODU) values ('7','15','2',to_date('20/05/31','RR/MM/DD'));
Insert into PROJEKT.ODBIOR_SAMOCHODU (ID_ODBIORU,ID_WYDANIA,ID_PRACOWNIKA,DATA_ODBIORU_SAMOCHODU) values ('8','13','1',to_date('20/05/31','RR/MM/DD'));
Insert into PROJEKT.ODBIOR_SAMOCHODU (ID_ODBIORU,ID_WYDANIA,ID_PRACOWNIKA,DATA_ODBIORU_SAMOCHODU) values ('21','22','1',to_date('20/06/03','RR/MM/DD'));
Insert into PROJEKT.ODBIOR_SAMOCHODU (ID_ODBIORU,ID_WYDANIA,ID_PRACOWNIKA,DATA_ODBIORU_SAMOCHODU) values ('22','16','1',to_date('20/06/03','RR/MM/DD'));
Insert into PROJEKT.ODBIOR_SAMOCHODU (ID_ODBIORU,ID_WYDANIA,ID_PRACOWNIKA,DATA_ODBIORU_SAMOCHODU) values ('23','14','1',to_date('20/06/03','RR/MM/DD'));
Insert into PROJEKT.ODBIOR_SAMOCHODU (ID_ODBIORU,ID_WYDANIA,ID_PRACOWNIKA,DATA_ODBIORU_SAMOCHODU) values ('24','12','1',to_date('20/06/03','RR/MM/DD'));
REM INSERTING into PROJEKT.PRACOWNICY
SET DEFINE OFF;
Insert into PROJEKT.PRACOWNICY (ID_PRACOWNIKA,ID_LOKALU,IMIE,NAZWISKO,ZAROBKI) values ('1','1','Mariusz','Pudzianowski','4000,5');
Insert into PROJEKT.PRACOWNICY (ID_PRACOWNIKA,ID_LOKALU,IMIE,NAZWISKO,ZAROBKI) values ('2','1','Ewa','Pudzianowska','2500,45');
REM INSERTING into PROJEKT.REZERWACJA
SET DEFINE OFF;
Insert into PROJEKT.REZERWACJA (ID_REZERWACJI,ID_KLIENTA,ID_SAMOCHODU,DATA_POCZATKU_WYPOZYCZENIA,DATA_KONCA_WYPOZYCZENIA) values ('6','7','2',to_date('20/05/30','RR/MM/DD'),to_date('20/05/31','RR/MM/DD'));
Insert into PROJEKT.REZERWACJA (ID_REZERWACJI,ID_KLIENTA,ID_SAMOCHODU,DATA_POCZATKU_WYPOZYCZENIA,DATA_KONCA_WYPOZYCZENIA) values ('5','7','4',to_date('20/05/30','RR/MM/DD'),to_date('20/06/02','RR/MM/DD'));
Insert into PROJEKT.REZERWACJA (ID_REZERWACJI,ID_KLIENTA,ID_SAMOCHODU,DATA_POCZATKU_WYPOZYCZENIA,DATA_KONCA_WYPOZYCZENIA) values ('4','6','3',to_date('20/05/20','RR/MM/DD'),to_date('20/05/23','RR/MM/DD'));
Insert into PROJEKT.REZERWACJA (ID_REZERWACJI,ID_KLIENTA,ID_SAMOCHODU,DATA_POCZATKU_WYPOZYCZENIA,DATA_KONCA_WYPOZYCZENIA) values ('11','6','4',to_date('20/05/31','RR/MM/DD'),to_date('20/06/03','RR/MM/DD'));
Insert into PROJEKT.REZERWACJA (ID_REZERWACJI,ID_KLIENTA,ID_SAMOCHODU,DATA_POCZATKU_WYPOZYCZENIA,DATA_KONCA_WYPOZYCZENIA) values ('21','6','1',to_date('20/06/18','RR/MM/DD'),to_date('20/06/28','RR/MM/DD'));
Insert into PROJEKT.REZERWACJA (ID_REZERWACJI,ID_KLIENTA,ID_SAMOCHODU,DATA_POCZATKU_WYPOZYCZENIA,DATA_KONCA_WYPOZYCZENIA) values ('9','6','4',to_date('05/05/20','RR/MM/DD'),to_date('15/05/20','RR/MM/DD'));
Insert into PROJEKT.REZERWACJA (ID_REZERWACJI,ID_KLIENTA,ID_SAMOCHODU,DATA_POCZATKU_WYPOZYCZENIA,DATA_KONCA_WYPOZYCZENIA) values ('3','6','4',to_date('21/01/02','RR/MM/DD'),to_date('21/01/03','RR/MM/DD'));
Insert into PROJEKT.REZERWACJA (ID_REZERWACJI,ID_KLIENTA,ID_SAMOCHODU,DATA_POCZATKU_WYPOZYCZENIA,DATA_KONCA_WYPOZYCZENIA) values ('1','6','4',to_date('20/05/05','RR/MM/DD'),to_date('20/06/01','RR/MM/DD'));
Insert into PROJEKT.REZERWACJA (ID_REZERWACJI,ID_KLIENTA,ID_SAMOCHODU,DATA_POCZATKU_WYPOZYCZENIA,DATA_KONCA_WYPOZYCZENIA) values ('8','7','4',to_date('20/05/31','RR/MM/DD'),to_date('20/06/03','RR/MM/DD'));
Insert into PROJEKT.REZERWACJA (ID_REZERWACJI,ID_KLIENTA,ID_SAMOCHODU,DATA_POCZATKU_WYPOZYCZENIA,DATA_KONCA_WYPOZYCZENIA) values ('10','6','1',to_date('20/05/31','RR/MM/DD'),to_date('20/06/03','RR/MM/DD'));
Insert into PROJEKT.REZERWACJA (ID_REZERWACJI,ID_KLIENTA,ID_SAMOCHODU,DATA_POCZATKU_WYPOZYCZENIA,DATA_KONCA_WYPOZYCZENIA) values ('2','7','5',to_date('20/05/05','RR/MM/DD'),to_date('20/06/01','RR/MM/DD'));
Insert into PROJEKT.REZERWACJA (ID_REZERWACJI,ID_KLIENTA,ID_SAMOCHODU,DATA_POCZATKU_WYPOZYCZENIA,DATA_KONCA_WYPOZYCZENIA) values ('7','7','3',to_date('20/05/30','RR/MM/DD'),to_date('20/06/02','RR/MM/DD'));
Insert into PROJEKT.REZERWACJA (ID_REZERWACJI,ID_KLIENTA,ID_SAMOCHODU,DATA_POCZATKU_WYPOZYCZENIA,DATA_KONCA_WYPOZYCZENIA) values ('12','6','2',to_date('20/05/31','RR/MM/DD'),to_date('20/06/03','RR/MM/DD'));
REM INSERTING into PROJEKT.SAMOCHODY
SET DEFINE OFF;
Insert into PROJEKT.SAMOCHODY (ID_SAMOCHODU,ID_LOKALU,MARKA,MODEL,ROK,KOLOR,ILOSC_MIEJSC,POJEMNOSC_BAGAZNIKA,RODZAJ_SKRZYNI_BIEGOW,CENA_ZA_DZIEN) values ('3','1','Kia','Picanto','2012','bia³y','4','40','A','95');
Insert into PROJEKT.SAMOCHODY (ID_SAMOCHODU,ID_LOKALU,MARKA,MODEL,ROK,KOLOR,ILOSC_MIEJSC,POJEMNOSC_BAGAZNIKA,RODZAJ_SKRZYNI_BIEGOW,CENA_ZA_DZIEN) values ('4','1','Toyota','Yaris','2014','czerwony','4','20','M','99');
Insert into PROJEKT.SAMOCHODY (ID_SAMOCHODU,ID_LOKALU,MARKA,MODEL,ROK,KOLOR,ILOSC_MIEJSC,POJEMNOSC_BAGAZNIKA,RODZAJ_SKRZYNI_BIEGOW,CENA_ZA_DZIEN) values ('5','1','Kia','Cee''d','2018','srebrny','5','100','A','139');
Insert into PROJEKT.SAMOCHODY (ID_SAMOCHODU,ID_LOKALU,MARKA,MODEL,ROK,KOLOR,ILOSC_MIEJSC,POJEMNOSC_BAGAZNIKA,RODZAJ_SKRZYNI_BIEGOW,CENA_ZA_DZIEN) values ('1','1','BMW','1','2000','niebieski','5','100','A','179');
Insert into PROJEKT.SAMOCHODY (ID_SAMOCHODU,ID_LOKALU,MARKA,MODEL,ROK,KOLOR,ILOSC_MIEJSC,POJEMNOSC_BAGAZNIKA,RODZAJ_SKRZYNI_BIEGOW,CENA_ZA_DZIEN) values ('2','1','Seat','Arona','2015','zielony','5','100','M','179');
REM INSERTING into PROJEKT.WYDANIE_SAMOCHODU
SET DEFINE OFF;
Insert into PROJEKT.WYDANIE_SAMOCHODU (ID_WYDANIA,ID_REZERWACJI,ID_PRACOWNIKA,DATA_WYDANIA_SAMOCHODU) values ('1','4','1',to_date('20/05/20','RR/MM/DD'));
Insert into PROJEKT.WYDANIE_SAMOCHODU (ID_WYDANIA,ID_REZERWACJI,ID_PRACOWNIKA,DATA_WYDANIA_SAMOCHODU) values ('13','10','1',to_date('20/05/31','RR/MM/DD'));
Insert into PROJEKT.WYDANIE_SAMOCHODU (ID_WYDANIA,ID_REZERWACJI,ID_PRACOWNIKA,DATA_WYDANIA_SAMOCHODU) values ('14','11','1',to_date('20/05/31','RR/MM/DD'));
Insert into PROJEKT.WYDANIE_SAMOCHODU (ID_WYDANIA,ID_REZERWACJI,ID_PRACOWNIKA,DATA_WYDANIA_SAMOCHODU) values ('2','1','1',to_date('20/05/30','RR/MM/DD'));
Insert into PROJEKT.WYDANIE_SAMOCHODU (ID_WYDANIA,ID_REZERWACJI,ID_PRACOWNIKA,DATA_WYDANIA_SAMOCHODU) values ('21','9','1',to_date('20/06/03','RR/MM/DD'));
Insert into PROJEKT.WYDANIE_SAMOCHODU (ID_WYDANIA,ID_REZERWACJI,ID_PRACOWNIKA,DATA_WYDANIA_SAMOCHODU) values ('22','6','1',to_date('20/06/03','RR/MM/DD'));
Insert into PROJEKT.WYDANIE_SAMOCHODU (ID_WYDANIA,ID_REZERWACJI,ID_PRACOWNIKA,DATA_WYDANIA_SAMOCHODU) values ('11','7','1',to_date('20/05/31','RR/MM/DD'));
Insert into PROJEKT.WYDANIE_SAMOCHODU (ID_WYDANIA,ID_REZERWACJI,ID_PRACOWNIKA,DATA_WYDANIA_SAMOCHODU) values ('12','8','1',to_date('20/05/31','RR/MM/DD'));
Insert into PROJEKT.WYDANIE_SAMOCHODU (ID_WYDANIA,ID_REZERWACJI,ID_PRACOWNIKA,DATA_WYDANIA_SAMOCHODU) values ('15','5','1',to_date('20/05/31','RR/MM/DD'));
Insert into PROJEKT.WYDANIE_SAMOCHODU (ID_WYDANIA,ID_REZERWACJI,ID_PRACOWNIKA,DATA_WYDANIA_SAMOCHODU) values ('3','2','1',to_date('20/05/31','RR/MM/DD'));
Insert into PROJEKT.WYDANIE_SAMOCHODU (ID_WYDANIA,ID_REZERWACJI,ID_PRACOWNIKA,DATA_WYDANIA_SAMOCHODU) values ('16','12','1',to_date('20/05/31','RR/MM/DD'));
REM INSERTING into PROJEKT.WYPOZYCZENIE
SET DEFINE OFF;
--------------------------------------------------------
--  DDL for Index ID_LOGOWANIE_KLIENT_PK
--------------------------------------------------------

  CREATE UNIQUE INDEX "PROJEKT"."ID_LOGOWANIE_KLIENT_PK" ON "PROJEKT"."LOGOWANIE_KLIENCI" ("ID_LOGOWANIE_KLIENT") 
  PCTFREE 10 INITRANS 2 MAXTRANS 255 COMPUTE STATISTICS 
  STORAGE(INITIAL 65536 NEXT 1048576 MINEXTENTS 1 MAXEXTENTS 2147483645
  PCTINCREASE 0 FREELISTS 1 FREELIST GROUPS 1
  BUFFER_POOL DEFAULT FLASH_CACHE DEFAULT CELL_FLASH_CACHE DEFAULT)
  TABLESPACE "USERS" ;
--------------------------------------------------------
--  DDL for Index ID_LOGOWANIE_PRACOWNICY_PK
--------------------------------------------------------

  CREATE UNIQUE INDEX "PROJEKT"."ID_LOGOWANIE_PRACOWNICY_PK" ON "PROJEKT"."LOGOWANIE_PRACOWNICY" ("ID_LOGOWANIE_PRACOWNICY") 
  PCTFREE 10 INITRANS 2 MAXTRANS 255 COMPUTE STATISTICS 
  STORAGE(INITIAL 65536 NEXT 1048576 MINEXTENTS 1 MAXEXTENTS 2147483645
  PCTINCREASE 0 FREELISTS 1 FREELIST GROUPS 1
  BUFFER_POOL DEFAULT FLASH_CACHE DEFAULT CELL_FLASH_CACHE DEFAULT)
  TABLESPACE "USERS" ;
--------------------------------------------------------
--  DDL for Index LOKAL_PK
--------------------------------------------------------

  CREATE UNIQUE INDEX "PROJEKT"."LOKAL_PK" ON "PROJEKT"."LOKAL" ("ID_LOKALU") 
  PCTFREE 10 INITRANS 2 MAXTRANS 255 COMPUTE STATISTICS 
  STORAGE(INITIAL 65536 NEXT 1048576 MINEXTENTS 1 MAXEXTENTS 2147483645
  PCTINCREASE 0 FREELISTS 1 FREELIST GROUPS 1
  BUFFER_POOL DEFAULT FLASH_CACHE DEFAULT CELL_FLASH_CACHE DEFAULT)
  TABLESPACE "USERS" ;
--------------------------------------------------------
--  DDL for Index WYPOZYCZENIE_PK
--------------------------------------------------------

  CREATE UNIQUE INDEX "PROJEKT"."WYPOZYCZENIE_PK" ON "PROJEKT"."WYPOZYCZENIE" ("ID_WYPOZYCZENIA") 
  PCTFREE 10 INITRANS 2 MAXTRANS 255 COMPUTE STATISTICS 
  STORAGE(INITIAL 65536 NEXT 1048576 MINEXTENTS 1 MAXEXTENTS 2147483645
  PCTINCREASE 0 FREELISTS 1 FREELIST GROUPS 1
  BUFFER_POOL DEFAULT FLASH_CACHE DEFAULT CELL_FLASH_CACHE DEFAULT)
  TABLESPACE "USERS" ;
--------------------------------------------------------
--  DDL for Index PRACOWNICY_PK
--------------------------------------------------------

  CREATE UNIQUE INDEX "PROJEKT"."PRACOWNICY_PK" ON "PROJEKT"."PRACOWNICY" ("ID_PRACOWNIKA") 
  PCTFREE 10 INITRANS 2 MAXTRANS 255 COMPUTE STATISTICS 
  STORAGE(INITIAL 65536 NEXT 1048576 MINEXTENTS 1 MAXEXTENTS 2147483645
  PCTINCREASE 0 FREELISTS 1 FREELIST GROUPS 1
  BUFFER_POOL DEFAULT FLASH_CACHE DEFAULT CELL_FLASH_CACHE DEFAULT)
  TABLESPACE "USERS" ;
--------------------------------------------------------
--  DDL for Index WYDANIE_PK
--------------------------------------------------------

  CREATE UNIQUE INDEX "PROJEKT"."WYDANIE_PK" ON "PROJEKT"."WYDANIE_SAMOCHODU" ("ID_WYDANIA") 
  PCTFREE 10 INITRANS 2 MAXTRANS 255 COMPUTE STATISTICS 
  STORAGE(INITIAL 65536 NEXT 1048576 MINEXTENTS 1 MAXEXTENTS 2147483645
  PCTINCREASE 0 FREELISTS 1 FREELIST GROUPS 1
  BUFFER_POOL DEFAULT FLASH_CACHE DEFAULT CELL_FLASH_CACHE DEFAULT)
  TABLESPACE "USERS" ;
--------------------------------------------------------
--  DDL for Index KLIENCI_PK
--------------------------------------------------------

  CREATE UNIQUE INDEX "PROJEKT"."KLIENCI_PK" ON "PROJEKT"."KLIENCI" ("ID_KLIENTA") 
  PCTFREE 10 INITRANS 2 MAXTRANS 255 COMPUTE STATISTICS 
  STORAGE(INITIAL 65536 NEXT 1048576 MINEXTENTS 1 MAXEXTENTS 2147483645
  PCTINCREASE 0 FREELISTS 1 FREELIST GROUPS 1
  BUFFER_POOL DEFAULT FLASH_CACHE DEFAULT CELL_FLASH_CACHE DEFAULT)
  TABLESPACE "USERS" ;
--------------------------------------------------------
--  DDL for Index SAMOCHODY_PK
--------------------------------------------------------

  CREATE UNIQUE INDEX "PROJEKT"."SAMOCHODY_PK" ON "PROJEKT"."SAMOCHODY" ("ID_SAMOCHODU") 
  PCTFREE 10 INITRANS 2 MAXTRANS 255 COMPUTE STATISTICS 
  STORAGE(INITIAL 65536 NEXT 1048576 MINEXTENTS 1 MAXEXTENTS 2147483645
  PCTINCREASE 0 FREELISTS 1 FREELIST GROUPS 1
  BUFFER_POOL DEFAULT FLASH_CACHE DEFAULT CELL_FLASH_CACHE DEFAULT)
  TABLESPACE "USERS" ;
--------------------------------------------------------
--  DDL for Index REZERWACJA_PK
--------------------------------------------------------

  CREATE UNIQUE INDEX "PROJEKT"."REZERWACJA_PK" ON "PROJEKT"."REZERWACJA" ("ID_REZERWACJI") 
  PCTFREE 10 INITRANS 2 MAXTRANS 255 COMPUTE STATISTICS 
  STORAGE(INITIAL 65536 NEXT 1048576 MINEXTENTS 1 MAXEXTENTS 2147483645
  PCTINCREASE 0 FREELISTS 1 FREELIST GROUPS 1
  BUFFER_POOL DEFAULT FLASH_CACHE DEFAULT CELL_FLASH_CACHE DEFAULT)
  TABLESPACE "USERS" ;
--------------------------------------------------------
--  DDL for Index ODBIOR_PK
--------------------------------------------------------

  CREATE UNIQUE INDEX "PROJEKT"."ODBIOR_PK" ON "PROJEKT"."ODBIOR_SAMOCHODU" ("ID_ODBIORU") 
  PCTFREE 10 INITRANS 2 MAXTRANS 255 COMPUTE STATISTICS 
  STORAGE(INITIAL 65536 NEXT 1048576 MINEXTENTS 1 MAXEXTENTS 2147483645
  PCTINCREASE 0 FREELISTS 1 FREELIST GROUPS 1
  BUFFER_POOL DEFAULT FLASH_CACHE DEFAULT CELL_FLASH_CACHE DEFAULT)
  TABLESPACE "USERS" ;
--------------------------------------------------------
--  Constraints for Table LOKAL
--------------------------------------------------------

  ALTER TABLE "PROJEKT"."LOKAL" MODIFY ("MIASTO" NOT NULL ENABLE);
  ALTER TABLE "PROJEKT"."LOKAL" MODIFY ("ULICA" NOT NULL ENABLE);
  ALTER TABLE "PROJEKT"."LOKAL" MODIFY ("NR_LOKALU" NOT NULL ENABLE);
  ALTER TABLE "PROJEKT"."LOKAL" ADD CONSTRAINT "LOKAL_PK" PRIMARY KEY ("ID_LOKALU")
  USING INDEX PCTFREE 10 INITRANS 2 MAXTRANS 255 COMPUTE STATISTICS 
  STORAGE(INITIAL 65536 NEXT 1048576 MINEXTENTS 1 MAXEXTENTS 2147483645
  PCTINCREASE 0 FREELISTS 1 FREELIST GROUPS 1
  BUFFER_POOL DEFAULT FLASH_CACHE DEFAULT CELL_FLASH_CACHE DEFAULT)
  TABLESPACE "USERS"  ENABLE;
--------------------------------------------------------
--  Constraints for Table SAMOCHODY
--------------------------------------------------------

  ALTER TABLE "PROJEKT"."SAMOCHODY" MODIFY ("MARKA" NOT NULL ENABLE);
  ALTER TABLE "PROJEKT"."SAMOCHODY" MODIFY ("MODEL" NOT NULL ENABLE);
  ALTER TABLE "PROJEKT"."SAMOCHODY" MODIFY ("CENA_ZA_DZIEN" NOT NULL ENABLE);
  ALTER TABLE "PROJEKT"."SAMOCHODY" MODIFY ("RODZAJ_SKRZYNI_BIEGOW" NOT NULL ENABLE);
  ALTER TABLE "PROJEKT"."SAMOCHODY" MODIFY ("ILOSC_MIEJSC" NOT NULL ENABLE);
  ALTER TABLE "PROJEKT"."SAMOCHODY" MODIFY ("ROK" NOT NULL ENABLE);
  ALTER TABLE "PROJEKT"."SAMOCHODY" ADD CHECK (rodzaj_skrzyni_biegow in ('A', 'M')) ENABLE;
  ALTER TABLE "PROJEKT"."SAMOCHODY" ADD CONSTRAINT "SAMOCHODY_PK" PRIMARY KEY ("ID_SAMOCHODU")
  USING INDEX PCTFREE 10 INITRANS 2 MAXTRANS 255 COMPUTE STATISTICS 
  STORAGE(INITIAL 65536 NEXT 1048576 MINEXTENTS 1 MAXEXTENTS 2147483645
  PCTINCREASE 0 FREELISTS 1 FREELIST GROUPS 1
  BUFFER_POOL DEFAULT FLASH_CACHE DEFAULT CELL_FLASH_CACHE DEFAULT)
  TABLESPACE "USERS"  ENABLE;
--------------------------------------------------------
--  Constraints for Table WYPOZYCZENIE
--------------------------------------------------------

  ALTER TABLE "PROJEKT"."WYPOZYCZENIE" ADD CONSTRAINT "WYPOZYCZENIE_PK" PRIMARY KEY ("ID_WYPOZYCZENIA")
  USING INDEX PCTFREE 10 INITRANS 2 MAXTRANS 255 COMPUTE STATISTICS 
  STORAGE(INITIAL 65536 NEXT 1048576 MINEXTENTS 1 MAXEXTENTS 2147483645
  PCTINCREASE 0 FREELISTS 1 FREELIST GROUPS 1
  BUFFER_POOL DEFAULT FLASH_CACHE DEFAULT CELL_FLASH_CACHE DEFAULT)
  TABLESPACE "USERS"  ENABLE;
--------------------------------------------------------
--  Constraints for Table LOGOWANIE_KLIENCI
--------------------------------------------------------

  ALTER TABLE "PROJEKT"."LOGOWANIE_KLIENCI" ADD CONSTRAINT "ID_LOGOWANIE_KLIENT_PK" PRIMARY KEY ("ID_LOGOWANIE_KLIENT")
  USING INDEX PCTFREE 10 INITRANS 2 MAXTRANS 255 COMPUTE STATISTICS 
  STORAGE(INITIAL 65536 NEXT 1048576 MINEXTENTS 1 MAXEXTENTS 2147483645
  PCTINCREASE 0 FREELISTS 1 FREELIST GROUPS 1
  BUFFER_POOL DEFAULT FLASH_CACHE DEFAULT CELL_FLASH_CACHE DEFAULT)
  TABLESPACE "USERS"  ENABLE;
--------------------------------------------------------
--  Constraints for Table LOGOWANIE_PRACOWNICY
--------------------------------------------------------

  ALTER TABLE "PROJEKT"."LOGOWANIE_PRACOWNICY" ADD CONSTRAINT "ID_LOGOWANIE_PRACOWNICY_PK" PRIMARY KEY ("ID_LOGOWANIE_PRACOWNICY")
  USING INDEX PCTFREE 10 INITRANS 2 MAXTRANS 255 COMPUTE STATISTICS 
  STORAGE(INITIAL 65536 NEXT 1048576 MINEXTENTS 1 MAXEXTENTS 2147483645
  PCTINCREASE 0 FREELISTS 1 FREELIST GROUPS 1
  BUFFER_POOL DEFAULT FLASH_CACHE DEFAULT CELL_FLASH_CACHE DEFAULT)
  TABLESPACE "USERS"  ENABLE;
--------------------------------------------------------
--  Constraints for Table REZERWACJA
--------------------------------------------------------

  ALTER TABLE "PROJEKT"."REZERWACJA" ADD CONSTRAINT "REZERWACJA_PK" PRIMARY KEY ("ID_REZERWACJI")
  USING INDEX PCTFREE 10 INITRANS 2 MAXTRANS 255 COMPUTE STATISTICS 
  STORAGE(INITIAL 65536 NEXT 1048576 MINEXTENTS 1 MAXEXTENTS 2147483645
  PCTINCREASE 0 FREELISTS 1 FREELIST GROUPS 1
  BUFFER_POOL DEFAULT FLASH_CACHE DEFAULT CELL_FLASH_CACHE DEFAULT)
  TABLESPACE "USERS"  ENABLE;
--------------------------------------------------------
--  Constraints for Table ODBIOR_SAMOCHODU
--------------------------------------------------------

  ALTER TABLE "PROJEKT"."ODBIOR_SAMOCHODU" MODIFY ("DATA_ODBIORU_SAMOCHODU" NOT NULL ENABLE);
  ALTER TABLE "PROJEKT"."ODBIOR_SAMOCHODU" ADD CONSTRAINT "ODBIOR_PK" PRIMARY KEY ("ID_ODBIORU")
  USING INDEX PCTFREE 10 INITRANS 2 MAXTRANS 255 COMPUTE STATISTICS 
  STORAGE(INITIAL 65536 NEXT 1048576 MINEXTENTS 1 MAXEXTENTS 2147483645
  PCTINCREASE 0 FREELISTS 1 FREELIST GROUPS 1
  BUFFER_POOL DEFAULT FLASH_CACHE DEFAULT CELL_FLASH_CACHE DEFAULT)
  TABLESPACE "USERS"  ENABLE;
--------------------------------------------------------
--  Constraints for Table PRACOWNICY
--------------------------------------------------------

  ALTER TABLE "PROJEKT"."PRACOWNICY" MODIFY ("IMIE" NOT NULL ENABLE);
  ALTER TABLE "PROJEKT"."PRACOWNICY" MODIFY ("NAZWISKO" NOT NULL ENABLE);
  ALTER TABLE "PROJEKT"."PRACOWNICY" ADD CONSTRAINT "PRACOWNICY_PK" PRIMARY KEY ("ID_PRACOWNIKA")
  USING INDEX PCTFREE 10 INITRANS 2 MAXTRANS 255 COMPUTE STATISTICS 
  STORAGE(INITIAL 65536 NEXT 1048576 MINEXTENTS 1 MAXEXTENTS 2147483645
  PCTINCREASE 0 FREELISTS 1 FREELIST GROUPS 1
  BUFFER_POOL DEFAULT FLASH_CACHE DEFAULT CELL_FLASH_CACHE DEFAULT)
  TABLESPACE "USERS"  ENABLE;
--------------------------------------------------------
--  Constraints for Table KLIENCI
--------------------------------------------------------

  ALTER TABLE "PROJEKT"."KLIENCI" MODIFY ("IMIE" NOT NULL ENABLE);
  ALTER TABLE "PROJEKT"."KLIENCI" MODIFY ("NAZWISKO" NOT NULL ENABLE);
  ALTER TABLE "PROJEKT"."KLIENCI" MODIFY ("NIP" NOT NULL ENABLE);
  ALTER TABLE "PROJEKT"."KLIENCI" MODIFY ("NR_TELEFONU" NOT NULL ENABLE);
  ALTER TABLE "PROJEKT"."KLIENCI" ADD CONSTRAINT "KLIENCI_PK" PRIMARY KEY ("ID_KLIENTA")
  USING INDEX PCTFREE 10 INITRANS 2 MAXTRANS 255 COMPUTE STATISTICS 
  STORAGE(INITIAL 65536 NEXT 1048576 MINEXTENTS 1 MAXEXTENTS 2147483645
  PCTINCREASE 0 FREELISTS 1 FREELIST GROUPS 1
  BUFFER_POOL DEFAULT FLASH_CACHE DEFAULT CELL_FLASH_CACHE DEFAULT)
  TABLESPACE "USERS"  ENABLE;
--------------------------------------------------------
--  Constraints for Table WYDANIE_SAMOCHODU
--------------------------------------------------------

  ALTER TABLE "PROJEKT"."WYDANIE_SAMOCHODU" ADD CONSTRAINT "WYDANIE_PK" PRIMARY KEY ("ID_WYDANIA")
  USING INDEX PCTFREE 10 INITRANS 2 MAXTRANS 255 COMPUTE STATISTICS 
  STORAGE(INITIAL 65536 NEXT 1048576 MINEXTENTS 1 MAXEXTENTS 2147483645
  PCTINCREASE 0 FREELISTS 1 FREELIST GROUPS 1
  BUFFER_POOL DEFAULT FLASH_CACHE DEFAULT CELL_FLASH_CACHE DEFAULT)
  TABLESPACE "USERS"  ENABLE;
--------------------------------------------------------
--  Ref Constraints for Table LOGOWANIE_KLIENCI
--------------------------------------------------------

  ALTER TABLE "PROJEKT"."LOGOWANIE_KLIENCI" ADD CONSTRAINT "ID_KLIENTA_FK" FOREIGN KEY ("ID_KLIENTA")
	  REFERENCES "PROJEKT"."KLIENCI" ("ID_KLIENTA") ENABLE;
--------------------------------------------------------
--  Ref Constraints for Table LOGOWANIE_PRACOWNICY
--------------------------------------------------------

  ALTER TABLE "PROJEKT"."LOGOWANIE_PRACOWNICY" ADD CONSTRAINT "ID_PRACOWNIK_FK" FOREIGN KEY ("ID_PRACOWNIKA")
	  REFERENCES "PROJEKT"."PRACOWNICY" ("ID_PRACOWNIKA") ENABLE;
--------------------------------------------------------
--  Ref Constraints for Table ODBIOR_SAMOCHODU
--------------------------------------------------------

  ALTER TABLE "PROJEKT"."ODBIOR_SAMOCHODU" ADD CONSTRAINT "ODBIOR_FK_PRACOWNIK" FOREIGN KEY ("ID_PRACOWNIKA")
	  REFERENCES "PROJEKT"."PRACOWNICY" ("ID_PRACOWNIKA") ENABLE;
  ALTER TABLE "PROJEKT"."ODBIOR_SAMOCHODU" ADD CONSTRAINT "ODBIOR_FK_WYDANIE" FOREIGN KEY ("ID_WYDANIA")
	  REFERENCES "PROJEKT"."WYDANIE_SAMOCHODU" ("ID_WYDANIA") ENABLE;
--------------------------------------------------------
--  Ref Constraints for Table PRACOWNICY
--------------------------------------------------------

  ALTER TABLE "PROJEKT"."PRACOWNICY" ADD CONSTRAINT "PRACOWNICY_FK" FOREIGN KEY ("ID_LOKALU")
	  REFERENCES "PROJEKT"."LOKAL" ("ID_LOKALU") ENABLE;
--------------------------------------------------------
--  Ref Constraints for Table REZERWACJA
--------------------------------------------------------

  ALTER TABLE "PROJEKT"."REZERWACJA" ADD CONSTRAINT "REZERWACJA_FK" FOREIGN KEY ("ID_KLIENTA")
	  REFERENCES "PROJEKT"."KLIENCI" ("ID_KLIENTA") ENABLE;
  ALTER TABLE "PROJEKT"."REZERWACJA" ADD CONSTRAINT "REZERWACJA_FK2" FOREIGN KEY ("ID_SAMOCHODU")
	  REFERENCES "PROJEKT"."SAMOCHODY" ("ID_SAMOCHODU") ENABLE;
--------------------------------------------------------
--  Ref Constraints for Table SAMOCHODY
--------------------------------------------------------

  ALTER TABLE "PROJEKT"."SAMOCHODY" ADD CONSTRAINT "SAMOCHODY_FK" FOREIGN KEY ("ID_LOKALU")
	  REFERENCES "PROJEKT"."LOKAL" ("ID_LOKALU") ENABLE;
--------------------------------------------------------
--  Ref Constraints for Table WYDANIE_SAMOCHODU
--------------------------------------------------------

  ALTER TABLE "PROJEKT"."WYDANIE_SAMOCHODU" ADD CONSTRAINT "WYDANIE_FK_PRACOWNIK" FOREIGN KEY ("ID_PRACOWNIKA")
	  REFERENCES "PROJEKT"."PRACOWNICY" ("ID_PRACOWNIKA") ENABLE;
  ALTER TABLE "PROJEKT"."WYDANIE_SAMOCHODU" ADD CONSTRAINT "WYDANIE_FK_REZERWACJA" FOREIGN KEY ("ID_REZERWACJI")
	  REFERENCES "PROJEKT"."REZERWACJA" ("ID_REZERWACJI") ENABLE;
--------------------------------------------------------
--  Ref Constraints for Table WYPOZYCZENIE
--------------------------------------------------------

  ALTER TABLE "PROJEKT"."WYPOZYCZENIE" ADD CONSTRAINT "WYPOZYCZENIE_FK_ODBIOR" FOREIGN KEY ("ID_ODBIORU")
	  REFERENCES "PROJEKT"."ODBIOR_SAMOCHODU" ("ID_ODBIORU") ENABLE;
--------------------------------------------------------
--  DDL for Trigger ID_GENERATE_ODBIOR
--------------------------------------------------------

  CREATE OR REPLACE EDITIONABLE TRIGGER "PROJEKT"."ID_GENERATE_ODBIOR" 
    before insert on ODBIOR_SAMOCHODU
    for each row
begin
    select odbior_samochodu_seq.nextval
        into :new.ID_ODBIORU
    from dual;
end;
/
ALTER TRIGGER "PROJEKT"."ID_GENERATE_ODBIOR" ENABLE;
--------------------------------------------------------
--  DDL for Trigger ID_GENERATE_REZERWACJA
--------------------------------------------------------

  CREATE OR REPLACE EDITIONABLE TRIGGER "PROJEKT"."ID_GENERATE_REZERWACJA" 
    before insert on REZERWACJA
    for each row
    begin
        select rezerwacja_seq.nextval
            into :new.ID_REZERWACJI
        from dual;
    end;
/
ALTER TRIGGER "PROJEKT"."ID_GENERATE_REZERWACJA" ENABLE;
--------------------------------------------------------
--  DDL for Trigger ID_GENERATE_WYDANIE_SAMOCHODU
--------------------------------------------------------

  CREATE OR REPLACE EDITIONABLE TRIGGER "PROJEKT"."ID_GENERATE_WYDANIE_SAMOCHODU" 
    before insert on WYDANIE_SAMOCHODU
    for each row
    begin
        select wydanie_samochodu_seq.nextval
            into :new.ID_WYDANIA
        from dual;
    end;
/
ALTER TRIGGER "PROJEKT"."ID_GENERATE_WYDANIE_SAMOCHODU" ENABLE;
--------------------------------------------------------
--  DDL for Trigger ID_GENERATE_WYPOZYCZENIE
--------------------------------------------------------

  CREATE OR REPLACE EDITIONABLE TRIGGER "PROJEKT"."ID_GENERATE_WYPOZYCZENIE" 
    before insert on WYPOZYCZENIE
    for each row
begin
    select wypozyczenie_seq.nextval
        into :new.ID_WYPOZYCZENIA
    from dual;
end;
/
ALTER TRIGGER "PROJEKT"."ID_GENERATE_WYPOZYCZENIE" ENABLE;
